title,original_title,budget,genre,language,spoken_languages,homepage,overview,popularity,runtime,revenue,release_date,vote_average,vote_count,production_countries,web_url,snippet,source,keywords,pub_date,word_count,headline.main,headline.kicker,headline.content_kicker,headline.print_headline,headline.name,headline.seo,headline.sub,byline.original,byline.organization
The Attachment Diaries,El apego,0,"Drama, Mystery, Thriller, Horror",es,Spanish,,"Argentina, 1970s. A desperate young woman goes to a clinic to have a clandestine abortion. As her pregnancy is already through the fourth month, the doctor refuses. Instead, she proposes to sell the baby to one of her clients and offers to provide shelter in her house until the child is born. Their disturbed personalities will become intertwined in a strange and dangerous relationship.",1.325,102,0,2021-10-07,3.0,4,Español,https://www.nytimes.com/2023/05/25/movies/the-attachment-diaries-review.html,"A gynecologist and her patient form a horrifyingly twisted connection in this batty, bloody Argentine melodrama.",The New York Times,"subject: Movies;creative_works: The Attachment Diaries (Movie);persons: Diment, Valentin Javier;",2023-05-25T11:00:03+0000,295,"‘The Attachment Diaries’ Review: Love, Sick",,,The Attachment Diaries,,,,By Jeannette Catsoulis,
You Can Live Forever,You Can Live Forever,0,"Drama, Romance",en,"English, French",https://gooddeedentertainment.com/you-can-live-forever/,"When Jaime, a gay teenager, is sent to live in a community of Jehovah's Witnesses in small-town Quebec, she falls madly in love with a devout Witness girl. The two embark on an intense affair with consequences that will reshape the rest of their lives.",58.303,96,15055,2023-03-24,6.6,31,"Français, Français",https://www.nytimes.com/2023/05/04/movies/you-can-live-forever-review.html,Religion comes between two girls falling in love in the 1990s in this sweet coming-of-age film bathed in grunge hues.,The New York Times,"subject: Movies;creative_works: You Can Live Forever (Movie);persons: Slutsky, Mark;persons: Watts, Sarah (Film Director);persons: O'Driscoll, Anwen;persons: Laporte, June (Actor);",2023-05-04T11:00:08+0000,294,‘You Can Live Forever’ Review: Do You Love Me Now?,,,You Can Live Forever,,,,By Elisabeth Vincentelli,
One True Loves,One True Loves,0,"Romance, Drama, Comedy",en,"English, Spanish",,"Emma and Jesse are living the perfect life together, until Jesse disappears in a tragic helicopter crash on their first wedding anniversary. Four years later, Emma has found happiness again and is about to marry her best friend when Jesse resurfaces, turning her world upside down and leaving her torn between two great loves.",20.397,100,37820,2023-04-07,6.5,65,"Español, Español",https://www.nytimes.com/2023/04/13/movies/one-true-loves-movie-review.html,"A film adaptation of Taylor Jenkins Reid’s novel has potential for drama, but it stumbles on stock melodrama.",The New York Times,"subject: Movies;persons: Bracey, Luke (1989- );persons: Liu, Simu;persons: Reid, Taylor Jenkins;persons: Soo, Phillipa;persons: Fickman, Andy;creative_works: One True Loves (Movie);",2023-04-13T11:00:06+0000,320,‘One True Loves’ Review: A Romance Lost at Sea,,,One True Loves,,,,By Brandon Yu,
"Pamela, a Love Story","Pamela, A Love Story",0,Documentary,en,English,https://www.netflix.com/title/81590934,"In her own words, through personal video and diaries, Pamela Anderson shares the story of her rise to fame, rocky romances and infamous sex tape scandal.",13.509,113,0,2023-01-30,7.0,202,English,https://www.nytimes.com/2023/01/31/movies/pamela-a-love-story-review.html,"This documentary from Ryan White rewinds, to powerful effect, on Pamela Anderson’s life and fame.",The New York Times,"subject: Documentary Films and Programs;persons: Anderson, Pamela (1967- );persons: White, Ryan (Filmmaker);creative_works: Pamela, a Love Story (Movie);",2023-01-31T12:00:05+0000,295,"‘Pamela, a Love Story’ Review: A Frank Look Back",,,"Pamela, a Love Story",,,,By Glenn Kenny,
In From the Side,In from the Side,0,"Drama, Romance",en,English,http://www.infromthesidemovie.com,"Mark, a new and inexperienced rugby club member, finds himself drawn to Warren, a seasoned first team player. When a series of happenstances at an away fixture lead to a drunken encounter, Mark and Warren unwittingly embark on a romantic affair they struggle to hide from their partners and teammates.",15.678,134,0,2022-09-16,6.772,57,English,https://www.nytimes.com/2023/01/19/movies/in-from-the-side-review.html,"In Matt Carter’s gay rugby film, sports and romance smash together like two players from opposing teams.",The New York Times,"subject: Movies;creative_works: In From the Side (Movie);persons: Carter, Matt (Filmmaker);",2023-01-19T17:50:16+0000,281,‘In From the Side’ Review: Love and Rugby Play a Losing Game,,,In From the Side,,,,By Kyle Turner,
After Love,After Love,0,Drama,en,"English, Arabic, French, Urdu",,"Set in the port town of Dover in the South-East of England, Mary Hussain suddenly finds herself a widow following the unexpected death of her husband. A day after the burial, she discovers he has a secret just twenty-one miles across the English Channel in Calais.",7.307,89,0,2021-06-04,7.165,112,اردو,https://www.nytimes.com/2023/01/19/movies/after-love-review.html,"In this intelligent melodrama by the director Aleem Khan, a British woman discovers her husband has been leading a double life.",The New York Times,"subject: Movies;creative_works: After Love (2020) (Movie);persons: Khan, Aleem;persons: Scanlan, Joanna (1961- );",2023-01-19T12:00:06+0000,359,‘After Love’ Review: The Other Woman,Critic’s Pick,,After Love,,,,By Beatrice Loayza,
Alcarràs,Alcarràs,0,Drama,ca,Catalan,https://www.alcarras-film.com/,"In a small village in Catalonia, the peach farmers of the Solé family spend every summer together picking fruit from their orchard. But when plans arise to install solar panels and cut down trees, the members of this tight-knit group suddenly face eviction – and the loss of far more than their home.",7.998,120,0,2022-04-29,6.878,172,Català,https://www.nytimes.com/2023/01/05/movies/alcarras-review.html,"In this naturalistic drama from Spain, a family confronts the impending loss of its generations-old farm.",The New York Times,"subject: Movies;persons: Simon, Carla;creative_works: Alcarras (Movie);",2023-01-05T12:00:03+0000,306,‘Alcarràs’ Review: Labor of Love,,,Alcarràs,,,,By Devika Girish,
My Policeman,My Policeman,0,"Drama, Romance",en,English,https://www.amazon.com/dp/B09Y8SHDPD,"In the late 1990s, the arrival of elderly invalid Patrick into Marion and Tom’s home triggers the exploration of seismic events from 40 years previous: the passionate relationship between Tom and Patrick at a time when homosexuality was illegal.",13.723,113,0,2022-10-20,7.739,630,"English, English",https://www.nytimes.com/2022/10/20/movies/my-policeman-review.html,"A schoolteacher, her police officer husband and his lover deny each other romantic satisfaction in this dismal melodrama.",The New York Times,"subject: Movies;creative_works: My Policeman (Movie);persons: Grandage, Michael;",2022-10-20T16:52:51+0000,303,"‘My Policeman’ Review: Two Love Affairs, Equally Tragic",,,My Policeman,,,,By Teo Bugbee,
About Fate,About Fate,0,"Romance, Comedy",en,English,,"Two strangers believe in love but never seem to be able to find its true meaning. In a wild twist of events, fate puts each in the other's path on one stormy New Year's Eve.",28.199,100,0,2022-09-08,7.5,345,English,https://www.nytimes.com/2022/09/08/movies/about-fate-review.html,"Thomas Mann’s beguiling performance drives this Emma Roberts vehicle, but the romantic comedy creaks under the weight of its coincidences.",The New York Times,"subject: Movies;creative_works: About Fate (Movie);persons: Vaysberg, Marius;persons: Mann, Thomas (1991- );persons: Roberts, Emma (1991- );",2022-09-09T01:00:03+0000,289,‘About Fate’ Review: Love the One You’re With?,,,About Fate,,,,By Lisa Kennedy,
Waiting for Bojangles,En attendant Bojangles,0,"Drama, Comedy, Romance",fr,"English, French, Spanish",,"A boy and his eccentric parents leave their home in Paris for a country house in Spain. As the mother descends deeper into her own mind, it's up to the boy and his father to keep her safe and happy.",9.826,124,0,2021-10-13,7.362,298,"Español, Español",https://www.nytimes.com/2022/09/01/movies/waiting-for-bojangles-review-endless-love.html,"Set in Paris in the 1960s, the film tells the story of two irrepressible lovers, and their young son, whose tale turns tragic.",The New York Times,"subject: Movies;persons: Bourdeaut, Olivier;creative_works: Waiting for Bojangles (Movie);persons: Roinsard, Regis;",2022-09-01T11:00:06+0000,267,‘Waiting for Bojangles’ Review: Endless Love,,,Waiting for Bojangles,,,,By Calum Marsh,
Alone Together,Alone Together,0,"Romance, Drama",en,English,,"Strangers June and Charlie wind up double-booked in the same upstate New York Airbnb during the start of COVID-19. Exasperating the situation, the lockdown forces them both to stay and confront the unexpected feelings that develop between them.",8.071,101,0,2022-07-22,4.9,38,English,https://www.nytimes.com/2022/07/21/movies/alone-together-review.html,"Katie Holmes writes, directs and stars in this minor-key rom-com set in 2020.",The New York Times,"subject: Movies;persons: Holmes, Katie;creative_works: Alone Together (Movie);",2022-07-21T15:37:18+0000,254,‘Alone Together’ Review: Finding Love in a Pandemic Retreat,,,Alone Together,,,,By Teo Bugbee,
Art of Love,Romantik Hırsız,0,"Romance, Action, Drama",tr,Turkish,https://www.netflix.com/title/81689799,"After learning that the art thief she has been chasing is her ex-lover, an officer working for Interpol concocts a plan to catch him red-handed.",253.564,99,0,2024-03-14,6.652,79,Türkçe,https://www.nytimes.com/2022/07/21/movies/art-of-love-review.html,"A disillusioned college professor develops a relationship with a young Chinese woman, in a familiar and worn-out narrative.",The New York Times,"subject: Movies;creative_works: Art of Love (Movie);persons: Kaplan, Betty (Film Director);",2022-07-21T13:21:43+0000,354,‘Art of Love’ Review: An Erotic Male Fantasy in Puerto Rico,,,Art of Love,,,,By Concepción de León,
The Wheel,The Wheel,0,"Action, Science Fiction",en,English,https://www.thewheelmovie.com/,"Sometime in the near future, paraplegic prison inmate Matt Mills meets ""The Board"" of Satoshi-Telefair Industries, who thank him for joining the Program. Under pressure and with a promise to make him walk again, Mills agrees to volunteer. He is injected with a synthetic nanomaterial and suffocated, only to wake up with restored use of his legs, yet alone in a steel cell in the first spoke of an experimental apparatus - The Wheel. A series of assailants inflict a multitude of damage to Mills' body and torment his mind, yet the synthetic nanomaterial not only restores his damaged organs, it re-engineers his strength. The experiment might be designed to kill, but Mills is determined to survive - and get back to his daughter before The Board finds her first.",4.608,82,0,2019-09-02,5.0,13,English,https://www.nytimes.com/2022/07/21/movies/the-wheel-review.html,"In this marriage drama, a young couple heads to the countryside to break out of a toxic cycle.",The New York Times,"subject: Movies;creative_works: The Wheel (Movie);persons: Pink, Steve;",2022-07-21T11:00:08+0000,287,‘The Wheel’ Review: Songs of Love and Hate,,,The Wheel,,,,By Nicolas Rapold,
Stay Prayed Up,Stay Prayed Up,0,Documentary,en,English,,"Lena Mae “Mother” Perry, the backbone of her community, cooks for crowds, tends to the needy, and boy, can she sing! After 50 years leading the dynamic, down-home gospel group The Branchettes, the octogenarian powerhouse, armed with her unwavering faith, shows no signs of slowing down. Taking us inside her loving community while following the recording of the group’s first album, this film is bursting with warmth, joy, and soul-stirring gospel music.",0.816,73,0,2021-09-01,0.0,0,English,https://www.nytimes.com/2022/06/16/movies/stay-prayed-up-review.html,"A new documentary about the gospel ensemble the Branchettes and its guiding light, Lena Mae Perry, is a plain-spoken tribute.",The New York Times,"subject: Documentary Films and Programs;subject: Gospel Music;creative_works: Stay Prayed Up (Movie);subject: Content Type: Personal Profile;persons: Perry, Lena Mae;organizations: Branchettes (Music Group);persons: Anderson, DL (Filmmaker);persons: Durning, Matthew;",2022-06-16T11:00:08+0000,330,‘Stay Prayed Up’ Review: Spreading the Gospel of Love,,,Stay Prayed Up,,,,By Glenn Kenny,
Dinner in America,Dinner in America,0,"Romance, Comedy, Music",en,English,https://www.dinnerinamerica.com,An on-the-lam punk rocker and a young woman obsessed with his band go on an unexpected and epic journey together through the decaying suburbs of the American Midwest.,7.989,106,0,2022-05-27,7.287,47,English,https://www.nytimes.com/2022/05/26/movies/dinner-in-america-review.html,A rage-fueled rock singer on the run from the police meets and falls in love with a gullible young woman eager to escape her circumstances.,The New York Times,"subject: Movies;persons: Rehmeier, Adam;creative_works: Dinner in America (Book);",2022-05-26T11:00:04+0000,254,‘Dinner in America’ Review: A Punk-Rock Love Story,,,Dinner in America,,,,By Concepción de León,
In a New York Minute,In a New York Minute,0,Drama,en,English,,"In A New York Minute follows three Asian women, each at a different stage in their life as they deal with their own personal struggles. Amy is haunted by a past breakup that has manifested into an eating disorder. Angel is caught between a loveless marriage with an older American businessman and a passionate affair with Chinese filmmaker. Nina moonlights as an escort as a way of supporting herself financially. As the story unfolds, the film reveals each character’s wants and desires is reflected in the other.",1.221,102,0,2019-04-28,3.2,2,,https://www.nytimes.com/2022/05/03/movies/in-a-new-york-minute-review.html,This drama from Ximan Li teases time in telling the stories of three Chinese women living in a city that tempts promise but delivers frustration.,The New York Times,subject: Movies;creative_works: In A New York Minute (Movie);persons: Ximan Li;,2022-05-03T21:05:25+0000,299,‘In a New York Minute’ Review: Love or Freedom?,,,In a New York Minute,,,,By Lisa Kennedy,
I Love America,I Love America,0,"Comedy, Romance",fr,"French, English, Spanish",,"A single woman who decides to take a chance on love again by catapulting her life from Paris to Los Angeles. From awkward dates to touching surprise encounters, she understands the journey to love is a journey towards herself.",7.377,102,0,2022-03-11,5.0,73,"Español, Español",https://www.nytimes.com/2022/04/28/movies/i-love-america-review.html,The determinedly uplifting comedy follows a 50-year-old French filmmaker as she dates in Los Angeles.,The New York Times,"subject: Movies;persons: Marceau, Sophie;creative_works: I Love America (Movie);persons: Azuelos, Lisa;",2022-04-28T11:00:07+0000,291,‘I Love America’ Review: The Gauche Rituals of Modern Romance,,,I Love America,,,,By Nicolas Rapold,
La Mami,La Mami,0,Documentary,es,Spanish,http://gadeafilms.com/la-mami,"One of the rooms inside the legendary Barba Azul Cabaret has become a shelter for the girls working there: the women's bathroom. Every night La Mami, who's in charge of the bathrooms, offers them the warmth and the advice they need to take on the challenge they face in the dance hall.",1.579,82,0,2020-01-27,6.2,4,"Español, Español",https://www.nytimes.com/2022/04/07/movies/la-mami-review-tough-love.html,This documentary about the den mother of dancers at a Mexico City cabaret is vérité at its best.,The New York Times,"subject: Documentary Films and Programs;subject: Women and Girls;subject: Dancing;subject: Bars and Nightclubs;subject: Labor and Jobs;subject: Content Type: Personal Profile;glocations: Mexico City (Mexico);glocations: Mexico;creative_works: La Mami (Movie);persons: Garvin, Laura Herrero;",2022-04-07T11:00:04+0000,278,‘La Mami’ Review: Tough Love,Critic’s Pick,,La Mami,,,,By Beandrea July,
Love After Love,第一炉香,0,Drama,zh,Mandarin,,"The film tells the story of a young girl who travels from Shanghai to Hong Kong in pursuit of education, but ends up working for her aunt seducing rich and powerful men.",4.15,144,0,2021-10-22,5.6,25,普通话,https://www.nytimes.com/2022/03/17/movies/love-after-love-review.html,Ann Hui’s World War II-era film is lovely to look at but lacks emotional depth and resonance.,The New York Times,"subject: Movies;organizations: MUBI Inc;persons: Hui, Ann;persons: Peng, Eddie (1982- );glocations: Hong Kong;creative_works: Love After Love (Movie);",2022-03-17T11:00:12+0000,292,‘Love After Love’ Review: Elegance Without a Center,,,Love After Love,,,,By Claire Shaffer,
Lucy and Desi,Lucy and Desi,0,Documentary,en,English,https://www.amazon.com/dp/B09QG6H8D9,Explore the unlikely partnership and enduring legacy of one of the most prolific power couples in entertainment history. Lucille Ball and Desi Arnaz risked everything to be together.,11.391,102,0,2022-01-21,7.068,37,English,https://www.nytimes.com/2022/03/03/movies/lucy-and-desi-review.html,"This documentary, directed by Amy Poehler and about the dynamic duo behind “I Love Lucy,” favors the good times over the difficult ones.",The New York Times,"subject: Documentary Films and Programs;persons: Ball, Lucille;persons: Arnaz, Desi;persons: Poehler, Amy;creative_works: Lucy and Desi (Movie);subject: Television;subject: Actors and Actresses;subject: Content Type: Personal Profile;",2022-03-03T16:06:54+0000,279,‘Lucy and Desi’ Review: Love in the Time of Television,,,Lucy and Desi,,,,By Natalia Winkelman,
The In Between,The In Between,0,"Romance, Science Fiction, Drama",en,English,https://www.netflix.com/title/81447264,"After surviving a car accident that took the life of her boyfriend, a teenage girl believes he's attempting to reconnect with her from the after world.",24.509,116,0,2022-02-11,7.355,671,English,https://www.nytimes.com/2022/02/11/movies/the-in-between-review.html,A teenage girl thinks that her dead boyfriend’s spirit is reaching out from the Great Beyond.,The New York Times,"persons: King, Joey;persons: Allen, Kyle (1994- );subject: Movies;persons: Posin, Arie;creative_works: The In Between (Movie);",2022-02-11T08:00:06+0000,285,‘The In Between’ Review: Love Never Dies,,,The In Between,,,,By Lena Wilson,
Book of Love,Book of Love,0,"Comedy, Romance, Drama",en,"English, Spanish, Portuguese",,"Henry, an English writer who has written a new book that has become a failure in the U.K, gets notified that the dull book has been highly trending over in Mexico. Little does he know that Maria, a Spanish translator, turned the book into an erotic novel. Henry and Maria then swerve around Mexico to do a book tour and go through a wind of events.",8.408,106,398876,2022-01-06,5.6,116,"Português, Português, Português",https://www.nytimes.com/2022/02/04/movies/book-of-love-review.html,"Unbeknown to the author of an uninspired romance novel, the book takes a sharp turn into erotic territory in its Spanish-language release.",The New York Times,"subject: Movies;persons: Claflin, Sam;persons: Cal y Mayor, Analeine;creative_works: Book of Love (Movie);",2022-02-04T05:01:04+0000,269,‘Book of Love’ Review: Lust (Eventually) in Translation,,,Book of Love,,,,By Natalia Winkelman,
The Pink Cloud,A Nuvem Rosa,0,"Drama, Science Fiction",pt,Portuguese,,"Giovana and Yago are strangers who share a spark after meeting at a party. When a deadly cloud mysteriously takes over their city, they are forced to seek shelter with only each other for company. As months pass and the planet settles into an extended quarantine, their world shrinks, and they are forced to come to terms with an accelerated timeline for their relationship. With all their other interactions governed by screens, and with the strain of isolation setting in, Giovana and Yago struggle to reinvent themselves and reconcile the differences that threaten to tear them apart.",2.744,105,0,2021-04-01,6.0,30,Português,https://www.nytimes.com/2022/01/13/movies/the-pink-cloud-review.html,Iuli Gerbase’s first feature film reflects a funhouse-mirror image of our present lives.,The New York Times,"subject: Movies;creative_works: The Pink Cloud (Movie);persons: Gerbase, Iuli;",2022-01-13T12:00:05+0000,316,‘The Pink Cloud’ Review: Love in Lockdown,,,The Pink Cloud,,,,By Claire Shaffer,
Love Is Love Is Love,Romantik Hırsız,0,"Romance, Action, Drama",tr,Turkish,https://www.netflix.com/title/81689799,"After learning that the art thief she has been chasing is her ex-lover, an officer working for Interpol concocts a plan to catch him red-handed.",253.564,99,0,2024-03-14,6.652,79,Türkçe,https://www.nytimes.com/2021/11/11/movies/love-is-love-is-love-review.html,"The characters in this idle drama, directed by Eleanor Coppola, seem mostly content. That’s the problem.",The New York Times,"subject: Movies;persons: Coppola, Eleanor;persons: Arquette, Rosanna;persons: Shepherd, Cybill;persons: Wilson, Rita;creative_works: Love Is Love Is Love (Movie);",2021-11-11T12:00:06+0000,292,‘Love Is Love Is Love’ Review: Aging Too Gracefully,,,Love Is Love Is Love,,,,By Teo Bugbee,
Love Hard,Love Hard,0,"Comedy, Romance",en,English,https://www.netflix.com/title/81086631,"An LA girl, unlucky in love, falls for an East Coast guy on a dating app and decides to surprise him for Christmas, only to discover that she's been catfished. But the object of her affection actually lives in the same town, and the guy who duped her offers to set them up if she pretends to be his own girlfriend for the holidays.",16.653,105,0,2021-11-05,6.956,1413,English,https://www.nytimes.com/2021/11/05/movies/love-hard-review.html,"When a perennially single journalist travels across the country to meet her dream guy, she finds she’s been catfished.",The New York Times,"subject: Movies;creative_works: Love Hard (Movie);persons: Jimenez, Hernan;",2021-11-05T07:01:03+0000,343,"‘Love Hard’ Review: Seeking Connection, Not Perfection",,,Love Hard,,,,By Concepción de León,
Hard Luck Love Song,Hard Luck Love Song,0,"Romance, Music, Drama, Thriller",en,"English, Spanish",http://HardLuckLoveSong.com,"Jesse, a charismatic but down on his luck troubadour, finds himself at an existential crossroads as bad choices catch up with him during an unexpected reunion with Carla, an old flame.",6.619,104,0,2021-10-15,4.9,10,Español,https://www.nytimes.com/2021/10/14/movies/hard-luck-love-song-review.html,"Drawn from the plotline of a Todd Snider song, the film follows a pool shark and an escort, taking twists that are both violent and silly.",The New York Times,"subject: Movies;persons: Dorman, Michael (1981- );creative_works: Hard Luck Love Song (Movie);persons: Bush, Sophia (1982- );",2021-10-14T12:27:03+0000,320,‘Hard Luck Love Song’ Review: A Glossy Take on a Gritty Tune,,,Hard Luck Love Song,,,,By Glenn Kenny,
South of Heaven,South of Heaven,0,"Crime, Drama, Thriller",en,English,,"Convicted felon Jimmy gets early parole after serving twelve years for armed robbery. Upon his release, he vows to give Annie, his childhood love, now dying from cancer, the best last year of her life – unfortunately it’s not that simple.",8.372,120,0,2021-10-08,6.634,67,"English, English",https://www.nytimes.com/2021/10/07/movies/south-of-heaven-review.html,Jason Sudeikis plays a paroled felon who vows to give his dying lover the best year of her life.,The New York Times,"subject: Movies;persons: Sudeikis, Jason;persons: Lilly, Evangeline (1979- );persons: Keshales, Aharon;creative_works: South of Heaven (Movie);",2021-10-07T17:17:19+0000,323,‘South of Heaven’ Review: Anything for Love,,,South of Heaven,,,,By Amy Nicholson,
"Casanova, Last Love",Dernier amour,0,"Drama, Romance",fr,"English, French, German, Italian",https://lesfilmsdufleuve.be/en/movies/dernier-amour,"Year 1763. Forced into exile, the famous libertine Giacomo Casanova leaves Paris and travels to London, where he meets Marianne de Charpillon, a young prostitute to whom he is so attracted that he forgets about the other women.",7.419,99,0,2019-03-20,4.7,34,"Italiano, Italiano, Italiano",https://www.nytimes.com/2021/07/14/movies/casanova-last-love-review-reappraising-a-philanderer.html,Benoît Jacquot’s erotic costume drama envisions the Italian playboy as a weathered sad sack living in exile.,The New York Times,"subject: Movies;persons: Jacquot, Benoit;creative_works: Casanova, Last Love (Movie);",2021-07-14T22:12:43+0000,312,"‘Casanova, Last Love’ Review: Reappraising a Philanderer",,,"Casanova, Last Love",,,,By Beatrice Loayza,
Running Against the Wind,የነፋሱ ፍልሚያ,0,Drama,am,Amharic,,"The film follows the fate of two boys, one of whom hopes to become an Olympic runner and the other a photographer.",3.788,112,0,2023-07-20,6.5,0,", ",https://www.nytimes.com/2021/07/08/movies/running-against-the-wind-review.html,Two childhood best friends reunite in this unfocused yet uplifting sports drama by the filmmaker Jan Philipp Weyl.,The New York Times,"subject: Movies;creative_works: Running Against the Wind (Movie);persons: Weyl, Jan Philipp;",2021-07-08T11:00:05+0000,342,‘Running Against the Wind’ Review: Love and Friendship in Addis Ababa,,,Running Against the Wind,,,,By Beatrice Loayza,
Asia,Crazy Rich Asians,30000000,"Comedy, Romance",en,"Cantonese, Mandarin, English",http://crazyrichasiansmovie.com,"An American-born Chinese economics professor accompanies her boyfriend to Singapore for his best friend's wedding, only to get thrust into the lives of Asia's rich and famous.",41.171,121,238539198,2018-08-15,7.069,3484,English,https://www.nytimes.com/2021/06/10/movies/asia-review.html,This drama about a young single mother and a terminally ill daughter avoids sentimentalism but indulges heavily in dourness.,The New York Times,"subject: Movies;persons: Haas, Shira;persons: Pribar, Ruthy;persons: Yiv, Alena;",2021-06-10T11:00:15+0000,290,‘Asia’ Review: Tough Love and an Indecent Proposal,,,Asia,,,,By Devika Girish,
This Town,This Town,0,Comedy,en,English,https://www.flicks.co.nz/movie/this-town-2020/,"Five years after being acquitted for the murder of his family, Sean (White) is finally ready to move on with life. But the bitter ex-cop (Malcolm) who led the investigation remains adamant that he's guilty - and will stop at nothing to bring him down.",1.575,91,0,2020-04-30,5.833,6,English,https://www.nytimes.com/2021/05/20/movies/this-town-review.html,This small-town comedy from New Zealand looks at the romance between a country girl and a man accused of killing his family.,The New York Times,"subject: Movies;creative_works: This Town (Movie);persons: White, David (Director);",2021-05-20T20:19:17+0000,287,‘This Town’ Review: Love and Rifles,,,This Town,,,,By Devika Girish,
Tu Me Manques,Tu me manques,0,"Drama, Romance",es,"English, Spanish",,"Following his son Gabriel’s death, Jorge travels from conservative Bolivia to New York City to confront Gabriel’s boyfriend Sebastian. While the two battle over Jorge’s inability to accept his son, Sebastian channels his grief into a bold new play in honor of his lost love, in which Gabriel’s inner turmoil is transformed into an eye-popping gay fantasia.",4.428,105,0,2019-07-27,6.9,23,"Español, Español",https://www.nytimes.com/2021/04/22/movies/tu-me-manques-review.html,A conservative father who could not accept his son’s sexuality is led on a contemplative tour of queer life in New York in this Bolivian film.,The New York Times,"subject: Movies;creative_works: Tu Me Manques (Movie);persons: Martinez, Oscar (1949- );persons: Barbosa, Fernando (Actor);persons: Bellott, Rodrigo;glocations: Bolivia;",2021-04-22T11:00:07+0000,301,‘Tu Me Manques’ Review: Traces of a Lost Love,,,Tu Me Manques,,,,By Teo Bugbee,
Monday,Monday,0,"Drama, Romance",en,"English, Greek",https://www.monday.movie,"A spark on a Friday can lead to a sizzling weekend fling, but what happens when you get to the inevitable Monday?",10.55,116,0,2020-09-11,6.6,159,"ελληνικά, ελληνικά, ελληνικά",https://www.nytimes.com/2021/04/15/movies/monday-review.html,"Fiery physical contact keeps an expat couple together in Greece, and the sex scenes are enough for a half-dozen movies.",The New York Times,"subject: Movies;persons: Papadimitropoulos, Argyris;persons: Stan, Sebastian;persons: Gough, Denise (1980- );creative_works: Monday (Movie);",2021-04-15T11:00:08+0000,349,‘Monday’ Review: A Year of Love and Its Hangovers,,,Monday,,,,By Glenn Kenny,
Luz,Luz,0,"Drama, Fantasy, Western, Horror",es,Spanish,,"In the thickness of the mountains, in an isolated community led by a preacher known as El Señor, a presumed new Messiah is brought, unleashing a wave of violence and pain.",8.126,104,0,2019-10-07,4.8,23,Español,https://www.nytimes.com/2021/03/18/movies/luz-review.html,"In this romantic drama from Jon Garcia, two men find love in prison, then try to make it work on the outside.",The New York Times,"subject: Movies;creative_works: Luz (Movie);persons: Garcia, Jon (1979- );",2021-03-18T11:00:08+0000,296,‘Luz’ Review: Love In and Out of Lockup,,,Luz,,,,By Teo Bugbee,
Happily,Happily,0,"Comedy, Romance, Science Fiction, Thriller",en,English,https://www.commonwall.com/films/happily,"Tom and Janet have been happily married for years. But a visit from a mysterious stranger leads to a dead body, a lot of questions, and a tense couples' trip with friends who may not actually be friends at all.",12.84,96,0,2021-03-19,5.7,105,English,https://www.nytimes.com/2021/03/18/movies/happily-review.html,"In this keeps-you-guessing comedy, Joel McHale and Kerry Bishé play a couple married for 14 years whose mutual passion is undimmed, to the annoyance of their friends.",The New York Times,"subject: Movies;creative_works: Happily (Movie);persons: Grabinski, BenDavid;",2021-03-18T11:00:06+0000,344,‘Happily’ Review: Does Long-Lived Love Mean You Need Treatment?,,,Happily,,,,By Glenn Kenny,
Young Hearts,Young Hearts,0,"Drama, Family",nl,"Dutch, French",https://www.polar-bear.tv/young-hearts,"Fourteen-year-old Elias increasingly feels like an outsider in his village. When he meets his new neighbour of the same age, Alexander, Elias is confronted with his burgeoning sexuality.",22.387,97,0,2024-10-10,0.0,0,"Français, Français",https://www.nytimes.com/2021/02/11/movies/young-hearts-review.html,"The brother and sister filmmakers Sarah Sherman and Zachary Ray Sherman deliver romance, unadorned.",The New York Times,"subject: Movies;creative_works: Young Hearts (Movie);persons: Sherman, Sarah (Film Director);persons: Sherman, Zachary Ray (1984- );",2021-02-11T12:00:06+0000,324,‘Young Hearts’ Review: Movie Love by Algorithm,,,Young Hearts,,,,By Kristen Yoonsoo Kim,
Little Fish,Little Fish,0,"Romance, Science Fiction, Drama",en,English,https://www.littlefish.movie,A couple fights to hold their relationship together as a memory loss virus spreads and threatens to erase the history of their love and courtship.,12.79,101,39053,2021-02-05,7.0,180,"English, English",https://www.nytimes.com/2021/02/04/movies/little-fish-review.html,This sci-fi romance imagines a world with widespread memory loss through the eyes of one couple.,The New York Times,"subject: Movies;creative_works: Little Fish (Movie);persons: Hartigan, Chad;",2021-02-04T12:00:06+0000,315,‘Little Fish’ Review: Do You Remember Love?,,,Little Fish,,,,By Kristen Yoonsoo Kim,
Two of Us,Deux,0,"Drama, Romance",fr,"German, French",https://www.twoofusfilm.com,"Nina and Madeleine have been sharing their lives and the landing between their two apartments for decades. After more than 20 years of loving in the shadows, Madeleine promises Nina she will tell her family the truth. It takes an unexpected event to show her the importance of living your truth.",9.259,92,208723,2020-02-12,7.1,151,"Français, Français, Français",https://www.nytimes.com/2021/02/04/movies/two-of-us-review-thwarted-love.html,An older lesbian couple is met with unexpected devastation in this aching romantic drama by Filippo Meneghetti.,The New York Times,"subject: Movies;persons: Sukowa, Barbara;creative_works: Two of Us (Movie);persons: Meneghetti, Filippo;",2021-02-04T12:00:03+0000,313,‘Two of Us’ Review: Thwarted Love,,,Two of Us,,,,By Beatrice Loayza,
Atlantis,Atlantis,0,"Music, Documentary",fr,French,,"Atmospheric soundtrack follows this compilation of nature footage that focuses on the ocean and various life forms that live, mate and die in it.",7.087,74,138,1991-08-21,6.2,44,"Français, Français",https://www.nytimes.com/2021/01/21/movies/atlantis-review-a-bleak-apocalypse-love-story.html,"Ukraine’s official Oscar entry, the movie depicts an all-too-convincing dystopia, with no fancy gadgets or cars.",The New York Times,"subject: Movies;creative_works: Atlantis (Movie);persons: Vasyanovych, Valentyn;",2021-01-21T12:00:06+0000,320,‘Atlantis’ Review: A Bleak Apocalypse Love Story,Critic’s Pick,,Atlantis,,,,By Glenn Kenny,
Your Name Engraved Herein,刻在你心底的名字,0,"Romance, Drama, Family",zh,"Mandarin, English",,"In 1987, as martial law ends in Taiwan, Jia-han and Birdy fall in love amid family pressure, homophobia and social stigma.",45.323,114,0,2020-09-30,7.9,239,"English, English",https://www.nytimes.com/2020/12/24/movies/review-your-name-engraved-herein.html,The filmmaker Patrick Liu keeps the focus on the two young men in this Taiwanese drama and blurs the rest.,The New York Times,"subject: Movies;glocations: Taiwan;persons: Liu, Patrick (Filmmaker);creative_works: Your Name Engraved Herein (Movie);",2020-12-24T12:00:06+0000,295,‘Your Name Engraved Herein’ Review: When Love Is All You Can See,,,Your Name Engraved Herein,,,,By Teo Bugbee,
Museum Town,Museum Town,0,Documentary,en,English,https://www.museumtownmovie.com/,A rural American town suffering economically from factory closures finds an unconventional route to recovery with the help of MASS MoCA.,1.105,75,0,2019-03-10,0.0,0,English,https://www.nytimes.com/2020/12/17/movies/museum-town-review.html,This documentary looks at how a contemporary art museum in Western Massachusetts transformed a struggling small town.,The New York Times,"subject: Documentary Films and Programs;subject: Art;creative_works: Museum Town (Movie);persons: Trainer, Jennifer;organizations: Massachusetts Museum of Contemporary Art;subject: Museums;glocations: North Adams (Mass);",2020-12-17T15:49:52+0000,280,‘Museum Town’ Review: A Love Letter to Mass MoCA,,,Museum Town,,,,By Lovia Gyarkye,
Wild Mountain Thyme,Wild Mountain Thyme,0,"Romance, Drama",en,English,,"Headstrong farmer Rosemary Muldoon has her heart set on winning her neighbour Anthony Reilly's love. The problem is, Anthony seems to have inherited a family curse, and remains oblivious to his beautiful admirer. Stung by his father's plans to sell the family farm to his American nephew, Anthony is jolted into pursuing his dreams.",14.129,102,0,2020-12-11,5.174,155,"English, English",https://www.nytimes.com/2020/12/10/movies/wild-mountain-thyme-review.html,John Patrick Shanley adapts his play “Outside Mullingar” into a movie. (Don’t worry about the accents.),The New York Times,"subject: Movies;persons: Shanley, John Patrick;persons: Blunt, Emily;persons: Dornan, Jamie;creative_works: Outside Mullingar (Play);creative_works: Wild Mountain Thyme (Movie);",2020-12-10T12:00:04+0000,341,‘Wild Mountain Thyme’ Review: Finding Love Down on the Farm,,,Wild Mountain Thyme,,,,By Glenn Kenny,
Love and Monsters,Love and Monsters,30000000,"Comedy, Action, Adventure, Science Fiction",en,English,https://www.paramountmovies.com/movies/love-and-monsters,"Seven years since the Monsterpocalypse began, Joel Dawson has been living underground in order to survive. But after reconnecting over radio with his high school girlfriend Aimee, Joel decides to venture out to reunite with her, despite all the dangerous monsters that stand in his way.",44.892,109,1122066,2020-10-16,7.319,3843,English,https://www.nytimes.com/2020/10/15/movies/love-and-monsters-review.html,The new sci-fi adventure from Michael Matthews lacks the self-seriousness of typical dystopian flicks but doesn’t completely lack depth.,The New York Times,"persons: Matthews, Michael (Film Director);subject: Movies;creative_works: Love and Monsters (Movie);",2020-10-15T11:00:07+0000,284,‘Love and Monsters’ Review: Coming-of-Age After the Apocalypse,,,Love and Monsters,,,,By Lovia Gyarkye,
"Love, Guaranteed","Love, Guaranteed",0,"Romance, Comedy",en,English,https://www.netflix.com/title/81076898,A lawyer takes on a new client that wants to sue a dating website because it guarantees love.,11.727,91,0,2020-09-02,6.41,623,English,https://www.nytimes.com/2020/09/03/movies/love-guaranteed-review-swiping-left-on-online-dating.html,Rachael Leigh Cook stars in this rom-com about a lawyer and her charming new client who wants to sue a dating website for falsely promising love.,The New York Times,"subject: Movies;persons: Cook, Rachael Leigh;persons: Wayans, Damon Jr;persons: Johnson, Mark Steven;creative_works: Love, Guaranteed (Movie);",2020-09-03T07:01:05+0000,343,"‘Love, Guaranteed’ Review: Swiping Left on Online Dating",,,"Love, Guaranteed",,,,By Natalia Winkelman,
Hope Gap,Hope Gap,0,Drama,en,English,https://www.originpictures.co.uk/hope-gap,"Grace lives an idyllic life in a British seaside town, but her world soon comes crashing down when her husband of 29 years tells her he's leaving her for another woman. Through stages of shock, disbelief and anger -- and with support from her son -- Grace ultimately regains her footing while learning it's never too late to be happy.",12.872,100,1136167,2019-10-03,6.3,119,English,https://www.nytimes.com/2020/03/05/movies/hope-gap-review-a-thin-line-between-love-and-war.html,Annette Bening and Bill Nighy play a couple that has lost its way after 29 years of marriage.,The New York Times,"subject: Movies;persons: Bening, Annette;persons: Nighy, Bill;persons: Nicholson, William (1948- );creative_works: Hope Gap (Movie);",2020-03-05T12:00:03+0000,257,‘Hope Gap’ Review: A Thin Line Between Love and War,,,Hope Gap,,,,By Aisha Harris,
"Cyrano, My Love",Edmond,9208475,"Comedy, History",fr,"French, Russian",http://roadsideattractions.com/filmography/cyranomylove,"Paris, France, December 1897. The young playwright Edmond Rostand feels like a failure. Inspiration has abandoned him. Married and father of two children, desperate and penniless, he persuades the great actor Constant Coquelin to perform the main role in his new play. But there is a problem: Coquelin wants to premiere it at Christmas and Edmond has not written a single word.",10.74,113,0,2018-11-10,7.5,476,"Pусский, Pусский",https://www.nytimes.com/2019/10/17/movies/cyrano-my-love-review.html,This superficial take on the writing and initial staging of “Cyrano de Bergerac” is a whirlwind of soapy declarations and backstage chaos.,The New York Times,"subject: Movies;creative_works: Cyrano, My Love (Movie);persons: Michalik, Alexis;",2019-10-17T11:00:03+0000,291,"‘Cyrano, My Love’ Review: A Nose for Romance",,,"Cyrano, My Love",,,,By Jeannette Catsoulis,
Pretenders,Pretenders,0,Drama,en,English,,"A love triangle involving a photographer, a director and an actress.",1.816,95,0,2019-09-27,5.6,13,English,https://www.nytimes.com/2019/10/03/movies/pretenders-review.html,"Directed by James Franco and featuring James Franco, this film indulges in a distasteful brand of nostalgia.",The New York Times,"subject: Movies;persons: Franco, James;creative_works: Pretenders (Movie);",2019-10-03T11:00:07+0000,276,"‘Pretenders’ Review: A Little New Wave Love, a Lot of Misogyny",,,Pretenders,,,,By Glenn Kenny,
Hot Air,Hot Air,0,Drama,en,English,,A right-wing talk show host's life takes a sudden turn when his 16-year-old niece comes crashing into his life.,2.435,99,0,2018-04-10,5.1,18,English,https://www.nytimes.com/2019/08/22/movies/hot-air-review.html,Steve Coogan stars in this cumbersome political comedy.,The New York Times,"subject: Movies;persons: Coogan, Steve;persons: Coraci, Frank;creative_works: Hot Air (Movie);persons: Campbell, Neve;",2019-08-22T15:50:09+0000,266,‘Hot Air’ Review: A Right-Wing Radio Host Learns to Love Again,,,Hot Air,,,,By Bilge Ebiri,
"Love, Antosha","Love, Antosha",0,Documentary,en,"English, Russian",https://antonyelchindoc.com/,"From a prolific career in film and television, Anton Yelchin left an indelible legacy as an actor. Through his journals and other writings, his photography, the original music he wrote, and interviews with his family, friends, and colleagues, this film looks not just at Anton's impressive career, but at a broader portrait of the man.",4.801,92,0,2019-08-02,7.2,50,Pусский,https://www.nytimes.com/2019/08/08/movies/love-anthosa-review.html,"Anton Yelchin, who played Chekov in the J.J. Abrams-produced “Star Trek” films, assembled an eclectic filmography before his death at 27 in 2016.",The New York Times,"subject: Documentary Films and Programs;creative_works: Love, Antosha (Movie);persons: Price, Garret;persons: Yelchin, Anton;",2019-08-08T09:00:10+0000,319,"‘Love, Antosha’ Review: A Heartbreaking Look at an Actor’s Too-Short Life",Critic’s Pick,,"Love, Antosha",,,,By Glenn Kenny,
Leto,Leto,0,"Family, Drama, TV Movie",sh,Serbo-Croatian,,,1.256,80,0,1988-01-01,0.0,0,,https://www.nytimes.com/2019/06/06/movies/leto-review.html,Kirill Serebrennikov’s gentle mood piece brings an underground music scene to vivid life.,The New York Times,"subject: Music;creative_works: Leto (Movie);persons: Serebrennikov, Kirill S;",2019-06-06T11:00:02+0000,283,‘Leto’ Review: Love and Rock in Leningrad,Critic’s Pick,,Leto,,,,By Jeannette Catsoulis,
Clara,Clara,0,"Science Fiction, Drama, Romance",en,"Spanish, English",,An astronomer becomes obsessed with searching the cosmos for signs of life beyond Earth which leads to a shocking discovery.,8.118,106,0,2018-11-30,7.558,197,English,https://www.nytimes.com/2019/05/02/movies/clara-review.html,A ruthless empiricist searching for life beyond Earth learns a thing or two about life on the planet.,The New York Times,"subject: Movies;creative_works: Clara (Movie);persons: Adams, Patrick J;persons: Esmer, Ennis (1978- );persons: Sherman, Akash;",2019-05-02T11:00:04+0000,256,‘Clara’ Review: Love Means Never Having to Say You’re Starry,,,Clara,,,,By Ben Kenigsberg,
Rafiki,Rafiki,0,"Drama, Romance",sw,"Swahili, English",http://www.mpmfilm.com/rafiki-2/,"Kena and Ziki long for something more. Despite the political rivalry between their families, the girls resist and remain close friends, supporting each other to pursue their dreams in a conservative society. When love blossoms between them, the two girls will be forced to choose between happiness and safety.",7.136,82,181316,2018-09-26,7.022,136,"English, English",https://www.nytimes.com/2019/04/18/movies/rafiki-review.html,The story of a romance between two Kenyan women was shown at Cannes after being banned in Kenya.,The New York Times,"subject: Movies;persons: Kahiu, Wanuri;creative_works: Rafiki (Movie);persons: Mugatsia, Samantha;persons: Munyiva, Sheila;",2019-04-18T11:00:06+0000,251,"‘Rafiki’ Review: Falling in Love, Illegally",,,Rafiki,,,,By Ben Kenigsberg,
Five Feet Apart,Five Feet Apart,7000000,"Romance, Drama",en,"Spanish, English, French",,"Seventeen-year-old Stella spends most of her time in the hospital as a cystic fibrosis patient. Her life is full of routines, boundaries and self-control — all of which get put to the test when she meets Will, an impossibly charming teen who has the same illness. There's an instant flirtation, though restrictions dictate that they must maintain a safe distance between them. As their connection intensifies, so does the temptation to throw the rules out the window and embrace that attraction.",44.863,116,92600000,2019-03-14,8.271,5396,Français,https://www.nytimes.com/2019/03/14/movies/five-feet-apart-review.html,Haley Lu Richardson and Cole Sprouse navigate the rules of attraction and of a hospital in this film about living with cystic fibrosis.,The New York Times,"subject: Movies;creative_works: Five Feet Apart (Movie);persons: Baldoni, Justin;",2019-03-14T13:00:07+0000,258,‘Five Feet Apart’ Review: Ailing Teenagers Live Dangerously for Love,,,Five Feet Apart,,,,By Ben Kenigsberg,
"Berlin, I Love You","Berlin, I Love You",0,Drama,en,"English, German",,An anthology feature of 10 stories of romance set in the German capital.,11.311,120,160000,2019-02-08,4.6,77,"Deutsch, Deutsch",https://www.nytimes.com/2019/02/07/movies/berlin-i-love-you-review.html,"The once-divided nature of Berlin isn’t given much consideration in this film, part of the Cities of Love series.",The New York Times,"subject: Movies;creative_works: Berlin, I Love You (Movie);persons: Agron, Dianna;persons: Knightley, Keira;persons: Luna, Diego;persons: Mirren, Helen;persons: Rourke, Mickey;persons: Wilson, Luke;",2019-02-07T12:00:01+0000,227,"‘Berlin, I Love You’ Review: Many Stories, Not Much Feeling",,,"Berlin, I Love You",,,,By Glenn Kenny,
Untogether,Untogether,0,"Comedy, Drama",en,English,,"Once considered a teen prodigy, a recovering addict sobers up and tries to get her writing career back on track. She begins a relationship with a rising author known for his wartime memoirs.",8.195,98,0,2019-02-08,5.6,42,English,https://www.nytimes.com/2019/02/07/movies/untogether-review.html,Jemima Kirke and Lola Kirke play damaged siblings in this exasperatingly affected romantic drama from Emma Forrest.,The New York Times,"subject: Movies;persons: Dornan, Jamie;persons: Kirke, Jemima;persons: Kirke, Lola;creative_works: Untogether (Movie);persons: Forrest, Emma;",2019-02-07T12:00:01+0000,269,"‘Untogether’ Review: Adrift in Los Angeles, Looking for Love",,,Untogether,,,,By Jeannette Catsoulis,
Asher,Asher,0,"Thriller, Action, Drama",en,English,,"Asher is a former Mossad agent turned gun for hire, living an austere life in an ever-changing Brooklyn. Approaching the end of his career, he breaks the oath he took as a young man when he meets Sophie on a hit gone wrong. In order to have love in his life before it's too late, he must kill the man he was, for a chance at becoming the man he wants to be.",14.099,117,0,2018-12-07,5.766,137,English,https://www.nytimes.com/2018/12/06/movies/asher-review.html,Ron Perlman and Famke Janssen star in this film that finds a hired killer dealing with his own mortality.,The New York Times,"subject: Movies;creative_works: Asher (Movie);persons: Caton-Jones, Michael;persons: Perlman, Ron;persons: Janssen, Famke;",2018-12-06T12:00:04+0000,259,‘Asher’ Review: An Aging Hit Man Finds Love,,,Asher,,,,By Glenn Kenny,
The Great Pretender,Freddie Mercury: The Great Pretender,0,"Music, Documentary",en,English,,"Archive footage of interviews, concerts and personal material bring to light the solo performance work of Mercury, the lead singer of Queen.",6.774,107,0,2012-09-25,7.3,65,English,https://www.nytimes.com/2018/12/06/movies/the-great-pretender-review.html,"In Nathan Silver’s new film, American bros break the hearts of beautiful Frenchwomen. Realism or wishful thinking?",The New York Times,"subject: Movies;creative_works: The Great Pretender (Movie);persons: Silver, Nathan (Film Director);persons: Garrel, Esther;",2018-12-06T12:00:01+0000,317,‘The Great Pretender’ Review: Tedious Love Affairs in Artsy Brooklyn,,,The Great Pretender,,,,By Glenn Kenny,
The New Romantic,The New Romantic,0,"Drama, Comedy",en,English,,"In order to escape her looming post-graduation fate that includes student debt and zero romantic prospects, Blake Conway becomes a sugar baby. As the aspiring journalist and hopeless romantic documents the adventure, she sets out on a quest to figure out if society is right to judge these women and if her own self worth comes with a price.",9.455,82,0,2018-10-19,6.3,108,English,https://www.nytimes.com/2018/11/08/movies/the-new-romantic-review.html,A college newspaper columnist writes about her experiences trading gifts for sex in a film that squanders its good will.,The New York Times,"subject: Movies;creative_works: The New Romantic (Movie);persons: Barden, Jessica (1992- );persons: Stone, Carly (Film Director);",2018-11-08T12:05:01+0000,269,‘The New Romantic’ Review: Experiments With Love and Money,,,The New Romantic,,,,By Teo Bugbee,
Pimp,Pimp,0,Drama,en,English,,"An urban love story set on the hard streets of the Bronx. A struggling female pimp, named Wednesday, grows up learning the game from her dad. Once he's gone she's left to look out for her prostitute mother and girlfriend Nikki.",5.586,86,0,2018-11-09,6.3,29,English,https://www.nytimes.com/2018/11/08/movies/pimp-review.html,This lurid melodrama follows a female pimp (Keke Palmer) and her girlfriend-prostitute.,The New York Times,"subject: Movies;persons: Palmer, Keke;persons: Gathegi, Edi;persons: Crokos, Christine;creative_works: Pimp (Movie);",2018-11-08T12:00:01+0000,270,‘Pimp’ Review: Blaxploitation and Lesbian Love,,,Pimp,,,,By Jeannette Catsoulis,
In a Relationship,In a Relationship,0,"Drama, Comedy, Romance",en,English,,"Long-term couple Owen and Hallie are breaking up—or maybe not?—and just as their relationship reaches a turning point, Matt and Willa embark on a romance of their own.",8.281,92,0,2018-11-09,5.8,103,"English, English",https://www.nytimes.com/2018/11/08/movies/in-a-relationship-review.html,"Sam Boyd’s gentle, loose-limbed romantic comedy wins no prizes for originality.",The New York Times,"subject: Movies;persons: Roberts, Emma (1991- );persons: Angarano, Michael;persons: Hemingway, Dree (1987- );creative_works: In a Relationship (Movie);persons: Boyd, Sam (Film Director);",2018-11-08T12:00:01+0000,253,‘In a Relationship’ Review: Two Couples at Opposite Stages of Love,,,In a Relationship,,,,By Jeannette Catsoulis,
The Mountain Between Us,The Mountain Between Us,35000000,"Drama, Adventure, Romance",en,English,http://MountainBetweenUs.com,"Stranded on a mountain after a tragic plane crash, two strangers must work together to endure the extreme elements of the remote, snow-covered terrain. When they realize help is not coming, they embark on a perilous journey across hundreds of miles of wilderness, pushing each other to survive and discovering their inner strength.",24.303,109,62832209,2017-10-05,6.645,2276,English,https://www.nytimes.com/2017/10/05/movies/the-mountain-between-us-review-kate-winslet-idris-elba.html,Idris Elba and Kate Winslet crash into a mountain — and each other — in this drama.,The New York Times,"subject: Movies;creative_works: The Mountain Between Us (Movie);persons: Abu-Assad, Hany;persons: Elba, Idris;persons: Winslet, Kate;",2017-10-05T11:00:05+0000,272,Review: Love in a Cold Climate in ‘The Mountain Between Us’,,,The Mountain Between Us,,,,By Jeannette Catsoulis,
In Search of Fellini,In Search of Fellini,0,"Drama, Adventure",en,English,,"Lucy, a small-town girl from Ohio, discovers the delightfully bizarre films of legendary filmmaker Federico Fellini and sets off on a journey across Italy to find him.",4.745,93,0,2017-09-15,5.8,40,,https://www.nytimes.com/2017/09/14/movies/in-search-of-fellini-review.html,A sheltered young woman enamored of the films of the famous director sets off to Italy to meet him.,The New York Times,"subject: Movies;creative_works: In Search of Fellini (Movie);persons: Cartwright, Nancy;persons: Solo, Ksenia;persons: Lexton, Taron;",2017-09-14T11:00:24+0000,272,Review: Love of Il Maestro Drives ‘In Search of Fellini’,,,In Search of Fellini,,,,By Monica Castillo,
The Last Face,The Last Face,0,Drama,en,"English, Portuguese",,"Miguel, a heroic Spanish doctor, puts himself in harm's way to deliver medical treatment to the victims of military uprisings in Africa.",11.999,130,0,2017-01-11,5.6,191,Português,https://www.nytimes.com/2017/07/27/movies/the-last-face-review-charlize-theron-sean-penn.html,"In war-torn Liberia, Charlize Theron and Javier Bardem face a big problem: how to keep their knotty relationship from fizzling.",The New York Times,"subject: Movies;creative_works: The Last Face (Movie);persons: Penn, Sean;persons: Bardem, Javier;persons: Theron, Charlize;",2017-07-27T20:29:01+0000,280,Review: Aid Workers in Love and War in Sean Penn’s ‘The Last Face’,,,The Last Face,,,,By Glenn Kenny,
Lost in Paris,Paris pieds nus,0,Comedy,fr,French,,"Fiona visits Paris for the first time to assist her myopic Aunt Martha. Catastrophes ensue, mainly involving Dom, a homeless man who has yet to have an emotion or thought he was afraid of expressing.",6.936,83,0,2017-01-14,6.0,113,"Français, Français",https://www.nytimes.com/2017/06/15/movies/lost-in-paris-review.html,"The filmmakers Fiona Gordon and Dominique Abel star in their fourth movie, a tale infused with physical comedy about a woman in search of her aunt.",The New York Times,"creative_works: Lost in Paris (Movie);subject: Movies;persons: Abel, Dominique;persons: Gordon, Fiona;persons: Riva, Emmanuelle;",2017-06-15T19:37:09+0000,254,Review: Finding Love (and Slapstick) While ‘Lost in Paris’,,,Lost in Paris,,,,By Ben Kenigsberg,
